Aleshia,Tomkiewicz,14 Taylor St,St. Stephens Ward,Kent,CT2 7PP
Evan,Zigomalas,5 Binney St,Abbey Ward,Buckinghamshire,HP11 2AX
Ulysses,Mcwalters,505 Exeter Rd,Hawerby cum Beesby,Lincolnshire,DN36 5RP
Tyisha,Veness,5396 Forth Street,Greets Green,Midlands,B70 9DT
Eric,Rampy,9472 Lind St,Desborough,Northamptonshire,NN14 2GH
Laquita,Hisaw,20 Gloucester Pl #96,Chirton Ward,Tyne & Wear,NE29 7AD
Yuette,Klapec,45 Bradfield St #166,Parwich,Derbyshire,DE6 1QN
Fernanda,Writer,620 Northampton St,Wilmington,Kent,DA2 7PP
Charlesetta,Erm,5 Hygeia St,Loundsley Green Ward,Derbyshire,S40 4LY
Corrinne,Jaret,2150 Morley St,Dee Ward,Dumfries and Galloway,DG8 7DE
Michell,Throssell,89 Noon St,Carbrooke,Norfolk,IP25 6JQ
Edgar,Kanne,99 Guthrie St,New Milton,Hampshire,BH25 5DF
Dewitt,Julio,7 Richmond St,Parkham,Devon,EX39 5DJ
Charisse,Spinello,9165 Primrose St,Darnall Ward, Yorkshire,S4 7WN
Mee,Lapinski,9 Pengwern St,Marldon,Devon,TQ3 1SA
Peter,Gutierres,4410 Tarlton St,Prestatyn Community,Denbighshire,LL19 9EG
Martha,Teplica,148 Rembrandt St,Warlingham,Surrey,CR6 9SW
Tamesha,Veigel,2200 Nelson St #58,Newport,Isle of Wight,PO30 5AL
Svetlana,Tauras,8289 Cadogan,Lincolnshire,DN33 1AU
Pok,Molaison,211 Hobart St,Newquay,Cornwall,TR7 1LS
Augustine,Growcock,114 Falkland St #8845,Brimpton,Berkshire,RG7 4RF
Reed,Weisinger,5147 Blackstone St,Letchworth ,Hertfordshire,SG6 3LE
Milly,Savidge,129 Alexander Pope St,Franche Ward,Hereford and Worcester,DY11 9BW
Luis,Ear,2 Birchfield Rd,Whittington,Shropshire,SY11 4PH
Margurite,Loperfido,218 Greenbank Drive,Devizes,Wiltshire,SN10 3DU
Vernice,Sperazza,8921 Forge St,Colnbrook with Poyle,Buckinghamshire,SL3 0PY
Craig,Cua,8388 Bessemer St #5,East Putney Ward,Greater London,SW15 2RP
Jenise,Dulle,87 Pownall Sq,Sawston,Cambridgeshire,CB22 3BB
Marget,Gunst,2732 Bostock St #1,St. Enoder,Cornwall,TR9 6NJ
Annett,Bunselmeyer,5562 Fairfield St #847,Ryde,Isle of Wight,PO33 1HH
Kip,Turziano,37 Meadow St,Laindon Park Ward,Essex,SS15 6LE
Melina,Orizabal,3 Nevison St,Lymington and Pennington,Hampshire,SO41 1DL
Tina,Clapham,5662 William Moult St,Aylesbury,Buckinghamshire,HP21 8PP
Pedro,Aschoff,135 Opie St,Howard Town Ward,Derbyshire,SK13 8BB
Carrol,Kunimitsu,1 Askew St,Farnham,Surrey,GU9 9AS
Rory,Neufville,5 Chadwick St #7,Llangeler Community,Ceredigion,SA44 5HF
Dustin,Klingaman,67 Micawber St,Brockley Ward,Greater London,SE14 6RQ
Lyndia,Moonshower,43 Williamson St #7995,Meads Ward,East Sussex,BN20 7HB
Dong,Kopczynski,7 Cheapside #9,St. Ive,Cornwall,PL14 5PA
Chantay,Kamens,763 Parkfield Rd,Norton Canes,Staffordshire,WS11 9RH
Tequila,Chisum,662 Grove Park,Bulwell Ward,Nottinghamshire,NG6 8RG
Maybelle,Consolazio,5410 Lawton St,Treorchy Community,Rhondda Cynon Taff,CF42 6PL
Margarett,Bairo,3 August Rd,Maybury and Sheerwater Ward,Surrey,GU21 5QL
Louann,Smethers,3055 Creswick St,Newbold and Brownsover Ward,Warwickshire,CV21 1LN
Lindsay,Yadao,7 Jolliffe St,Middlewich,Cheshire,CW10 9GB
Malika,Hanton,1175 Greig St,St. Marys Ward,Greater Manchester,M25 0ZN
Stefany,Ferenz,636 Portland Place,Gresham Ward,Middlesbrough,TS1 4RG
Abraham,Cratch,41 Benedict St,Aldborough Ward,Greater London,IG2 7QG
Giuseppe,Rohaley,62 Margaret St,Royal Hospital Ward,Greater London,SW3 4ND
Wendell,Rubano,1 Back Canning St,Dunblane and Bridge of Allan W,Stirling,FK9 4LD
Stevie,Stifflemire,9 Gradwell St,Kempshott Ward,Hampshire,RG22 5HA
Brittani,Thurm,9 Horatio St,Ruckinge,Kent,TN26 2PN
Billy,Venus,61 Miriam St,Abbey Road Ward,Greater London,NW8 9BD
Brynn,Elkan,67 Pulford St,Prittlewell Ward,Essex,SS2 6NL
Elroy,Piehler,821 Pembroke Place,Kirkby Stephen,Cumbria,CA17 4RZ
Anisha,Shulick,3 Alder St,Eaton Park Ward,Stoke-on-Trent,ST2 9AW
Bettina,Kham,80 Morecambe St,Bishop Auckland,County Durham,DL14 6NG
Velda,Mancilla,7866 Renshaw St #283,Falmouth,Cornwall,TR11 4QQ
Marta,Brace,658 Lake St,Malmesbury,Wiltshire,SN16 0XZ
Lelia,Filion,45 Bidder St #38,Town Ward,Greater London,EN1 3HT
Una,Frankel,6766 Britton St #379,Crompton Ward,Greater Manchester,BL1 3EX
Eva,Joulwan,7 Lear Rd,Stroud,Hampshire,GU32 3PQ
Mammie,Dormanen,2577 Toxteth St #5,Overton Ward,Lancashire,BB6 7UN
Jeannetta,Coolidge,761 Cockerell St #1,Midway Ward,Derbyshire,DE11 0HE
Elbert,Drawe,9 Cypress St,Washington East Ward,Tyne and Wear,NE38 9AQ
Lenny,Gazzola,6 Romilly St,Walkergate Ward,Tyne and Wear,NE6 4YH
Mira,Alpheaus,51 St Anne St #12,Stratfield Mortimer,Berkshire,RG7 3RA
Cathern,Ungar,823 Idris St,Selston,Nottinghamshire,NG16 5LG
Malcom,Fleckles,8764 Nickleby St #877,Govan Ward,Glasgow City,G51 1BQ
Monroe,Damato,5344 Bengel St #5,Millwall Ward,Greater London,E14 5DR
Leota,Fletchen,8880 Great Howard St #7750,Sefton,Merseyside,L29 7WD
Meghan,Riherd,83 Denbigh St Bootle,St. Gluvias,Cornwall,TR3 7AZ
Mike,Torner,30 Aughton St,Hilton,Aberdeenshire,AB24 2RR
Elsa,Delisle,260 Saxon St,Brooklands Ward,Greater Manchester,M33 4BP
Linwood,Rosenlof,3 Pyramid St,Eccleston Ward,Merseyside,WA10 3BW
Latosha,Alexy,37 Langham St #948,St. Georges Hill Ward,Surrey,KT13 0AZ
Alexia,Meenan,94 Villars St,Launcells,Cornwall,EX23 9LG
Graham,Stanwick,73 Hawkstone St,Renfrew ,Dunbartonshire,G52 4YG
Elinore,Fulda,123 Sussex St,Astley Bridge Ward,Greater Manchester,BL1 6PY
Lisbeth,Creecy,484 Barry St,Shiney Row Ward,County Durham,DH4 7RG
Eloisa,Faurote,7033 Micawber St,Bintree,Norfolk,NR20 5NQ
Shawana,Cantua,33 Vipond St,Woodhall Farm Ward,Hertfordshire,HP2 7JP
Alyssa,Ansbro,85 Hero St,Stanhope,County Durham,DL13 2TZ
Kyoko,Mcmillian,77 Reading St #8,North Tawton,Devon,EX20 2TR
Terry,Gauthier,274 Altcar Ave,Catterick,North Yorkshire,DL10 7NU
Sena,Langenbach,38 Avondale Rd #79,Kilmersdon,Somerset,BA3 5SJ
Cristen,Nesset,4679 Curzon St,Central Ward,Lancashire,BB5 0SJ
Lashawn,Ker,13 Nelson Rd,Filwood Ward,Bristol,BS4 1HT
Wade,Sovel,2546 Hunter St,Central Buchan Ward,Aberdeenshire,AB53 6YD
Whitney,Tishler,77 Mason St #650,Smallbridge ,Greater Manchester,OL16 3AW
Deja,Conatser,94 Wakefield St,Lavenham,Suffolk,CO10 9PU
Earnestine,Casper,529 Stalmine Rd #3680,Saffron Walden,Essex,CB11 4DJ
Frankie,Marruffo,52 Morningside Rd #1,Cilybebyll Community,Neath Port Talbot,SA8 3HE
Paola,Dease,94 Enid St,Birchington,Kent,CT7 9BG
Rodrigo,Hawkin,661 Great Crosshall St,Forth Ward,City of Edinburgh,EH5 2LR
Luther,Alsman,227 Albert Terrace,Belvedere Ward,Greater London,DA17 6EF
Casey,Dondero,464 Back Nile St #618,Acton Central Ward,Greater London,W3 6QJ
Ressie,Bontemps,42 Eastwood St,Walton Ward,Cambridgeshire,PE4 6HB
Sean,Schurman,2877 Grain St,Caversham Ward,Berkshire,RG4 5DE
Celestina,Pince,13 Stockdale St #779,Abingdon on Thames,Oxfordshire,OX14 5QH
Beth,Barbone,3 Gaskell St,Tynemouth Ward,Tyne and Wear,NE30 2NB
Wei,Nobel,5221 Royston St,Eccleshall,Staffordshire,ST21 6GA
Letha,Akey,603 Pall Mall,Layton Ward,Lancashire,FY3 8ND
Kristine,Klipfel,3380 Alexander St,Moulsham and Central Ward,Essex,CM1 9QQ
Odette,Moussette,216 Lissant St #8,Great Dunmow,Essex,CM6 1DQ
Hobert,Panfilov,92 Phythian St #614,Gweek,Cornwall,TR11 5RR
Isadora,Mchughes,792 Queens Rd,Stretford Ward,Greater Manchester,M32 8LR
Emily,Pogorelc,5196 York St,Orsett Ward,Essex,SS17 8NS
Desire,Barresi,428 Kearsley St,Hatton,Warwickshire,CV35 7UA
Rosalind,Stamps,8 Chestnut St,Barrowford,Lancashire,BB9 6EW
Vernell,Connley,998 Roe St #6,Bellingham,Northumberland,NE48 2BX
Micheline,Mathieson,3 Copenhagen Rd,George St,Aberdeenshire,AB25 3UZ
Allene,Burau,8 Barlow St #6,Barlow,Derbyshire,S18 7TH
Julie,Sakshaug,5 Shakspeare St #66,St. Johns Ward,Hereford and Worcester,B61 8HD
Francisca,Shuhi,7 Carolina St,Bodmin,Cornwall,PL31 1QF
Marisha,Wilcoxon,52 Trowbridge St,Knightsbridge and Belgravia Wa,Greater London,SW1X 9HB
Luke,Crete,4 Peach St #5112,Halstead,Kent,TN14 7EF
Hubert,Mias,3614 Old Hall St #604,Fawley,Hampshire,SO45 2PT
Janella,Altobell,3768 Hey Green Rd,Hartshill,Warwickshire,CV10 0TH
Angelo,Lavista,97 Newlands St,Kensington and Fairfield Ward,Merseyside,L6 9DU
Crista,Viengxay,1554 Christopher St,Everton Ward,Merseyside,L6 1BG
Galen,Wendorf,8830 Antonio St,Gillingham North Ward,Kent,ME7 1DZ
Gilbert,Langarica,82 Sinclair St,Bangor Community,Gwynedd,LL57 1DW
Whitney,Goossen,7568 Atlas St,Butterwick,Lincolnshire,PE22 0HY
Socorro,Abrahams,93 Clyde Rd #9,Deepdale Ward,Lancashire,PR1 6TN
Mauricio,Flam,18 Nimrod St,Walney North Ward,Cumbria,LA14 3SJ
Gilberto,Erixon,2258 Benedict St,Penryn,Cornwall,TR10 8RP
Thad,Puskarich,9302 Ismay St #6,Tenterden,Kent,TN30 6JP
Bambi,Favaron,3347 Lawrence Rd #456,Haverstock Ward,Greater London,NW5 4EU
Chery,Wiederin,553 Picton Rd,Astley Mosley Common Ward,Greater Manchester,M29 7AA
Eileen,Montecalvo,9986 Cantsfield St,St. Peters Ward,Tyne and Wear,SR6 9SD
Melita,Szpak,1 Sussex St,Cyfarthfa Community,Merthyr Tydfil,CF48 1AR
Ashley,Jessie,9548 Ogwen St #84,Baguley Ward,Greater Manchester,M23 9GB
Laila,Fend,57 St Georges Hill,Crawcrook and Greenside Ward,Tyne and Wear,NE40 4LJ
Dana,Paluszynski,6378 Lyell St #48,Trossachs and Teith Ward,Stirling,FK21 8TJ
Freida,Newyear,675 Falstaff St #170,Chapel-en-le-Frith,Derbyshire,SK23 0QG
Horace,Knapp,5 Eyes St,Mid and Upper Nithsdale Ward,Dumfries and Galloway,DG4 6LF
Joana,Reinecke,2427 Olney St #7,Amersham,Buckinghamshire,HP6 6JH
Dacia,Swaisgood,36 Cranmer St #4697,Little Hereford,Shropshire,SY8 4LE
Myong,Babineaux,2 Kirkdale Rd,Canning Town North Ward,Greater London,E16 4NF
Kanisha,Difiora,513 Bailey St,Bontnewydd Community,Gwynedd,LL54 7UP
Ayesha,Moeder,620 Old Leeds St,Sheviock,Cornwall,PL11 3DF
Lanie,Smalarz,5149 Maria Rd,Peterlee,County Durham,SR8 5RL
Jaleesa,Polintan,8 Taylor St,Shrub End Ward,Essex,CO2 9LW
Tamekia,Flotow,588 Venmore St,Twickenham Riverside Ward,Greater London,TW1 2QH
Ula,Otey,1 Newby St,Coleshill,Warwickshire,B46 3LZ
Rosendo,Ratel,5588 Lake St #903,Crystal Palace Ward,Greater London,SE19 2TJ
Timmy,Lintner,9112 Hardwick St,Bowes,County Durham,DL12 9JB
Zita,Speltz,2395 Gloucester Pl,Halliwell Ward,Greater Manchester,BL1 6DS
Aleisha,Lemm,341 Birchfield St,Wareham St. Martin,Dorset,BH16 6JJ
Naomi,Lavezzo,9854 Ranelagh Place,Finedon,Northamptonshire,NN9 5EN
Aretha,Bowling,8 Nova Scotia,Caerphilly Community,Caerphilly,CF83 3AF
Mila,Figuera,72 Lime Place,Old Newton with Dagworth,Suffolk,IP14 4HG
Orville,Zuehl,907 Denman St,Crowle and Ealand,North Lincolnshire,DN17 4EN
Gabriele,Geschke,5 Garfield St #9,Milton Regis Ward,Kent,ME10 2EJ
Kara,Jaquish,345 Feltwell Rd,St. Michaels and Wicksteed War,Northamptonshire,NN15 6BB
Kenny,Lin,1 Towson St,Howe of Fife and Tay Coast War,Fife,KY14 6AH
Vashti,Sugai,4 Candia St #6,Shipston on Stour,Warwickshire,CV36 4HE
Carisa,Degenhardt,7 Britannia Ave #875,Newton-with-Clifton,Lancashire,PR4 3RQ
Audrie,Danaher,63 Brunswick Sq,Llanelli Rural Community,Carmarthenshire,SA15 5YN
Shaunna,Rodamis,5 Gainsborough Rd,Newington Ward,Greater London,SE1 6EH
Coleen,Langer,745 Goodall St #9309,Much Wenlock,Shropshire,TF13 6HB
Katie,Choinski,1267 Alderson Rd,Churchdown,Gloucestershire,GL3 2BA
Ashanti,Donn,3409 Benns Gardens,Hollington Ward,East Sussex,TN38 9NE
Pearly,Ero,9960 Gilroy Rd,Woodhouse Ward,Greater London,N12 9JT
Maia,Shadd,8 Bigham Rd,Deal,Kent,CT14 9QJ
Edwin,Logghe,950 Gordon St,Heanor and Loscoe,Derbyshire,DE75 7FZ
Walker,Seeger,69 Chantrey St #90,Hickling,Norfolk,NR12 0YB
Nakita,Rodrigues,4 Northbrook St #600,Edmonton Green Ward,Greater London,N18 2NF
Lamar,Suite,6301 Dorset Rd,Harefield Ward,Greater London,UB9 6LF
Chan,Loftin,84 Walton Village,Horfield Ward,Bristol,BS7 0AX
Delpha,Detamore,8 Tagus St #9814,Cleator Moor,Cumbria,CA25 5EF
Floyd,Tivis,770 Jamaica St,Penmaenmawr Community,Conwy,LL34 6BH
Chantell,Besong,11 Tetlow St,Parsons Green and Walham Ward,Greater London,SW6 4QP
Martin,Fonua,7642 Ledward St,Cressington Ward,Merseyside,L19 0LN
Hyun,Erdman,1432 Rutland Ave,Uckfield,East Sussex,TN22 9EF
Nada,Arey,22 Harewood St #95,Acton Trussell and Bednall,Staffordshire,ST17 0RU
Elizabeth,Pata,645 Lister Drive,Denwick,Northumberland,NE66 2LQ
Dominic,Washmuth,8977 Old Leeds St #87,Beaminster,Dorset,DT8 3DR
Alise,Packebush,22 Delamore St,Hereford,Hereford and Worcester,HR1 2EA
Flo,Bardsley,35 Walton Lane,Loughborough Ashby Ward,Leicestershire,LE11 4PF
Bonita,Sandblom,22 Kilshaw St,Wimbledon Park Ward,Greater London,SW19 7DT
Royal,Rush,1 Argyle St,Hyde Werneth Ward,Greater Manchester,SK14 5AR
Mari,Smeby,4309 Chisenhale St,Rock,Hereford and Worcester,DY14 9XQ
Therese,Shiraki,18 Ouse St,Oakridge and Castlefield Ward,Buckinghamshire,HP11 2PJ
Rodolfo,Scavuzzo,5 Ruskin St,Irvine East Ward,North Ayrshire,KA11 2BP
Cruz,Fanelli,4565 Blackstock St,Springfields and Trent Vale Wa,Stoke-on-Trent,ST4 5BW
Arlyne,Dellinger,8361 Cottenham St,Fawley,Hampshire,SO45 1QQ
Edward,Strejan,1267 Audley St,Ise Lodge Ward,Northamptonshire,NN15 5DB
Christoper,Sheneman,845 Atherton St,Tatsfield,Kent,TN16 2AR
Melda,Colamarino,150 Margaret Rd,Kings Hill,Kent,ME19 4DT
Margot,Peay,9923 Dinorben St #4838,Childs Hill Ward,Greater London,NW11 8DY
Gerald,Drozdenko,186 Craven St #68,Little Ness,Shropshire,SY4 2JX
Tomoko,Renno,5160 High St #38,Goldsmid Ward,Brighton and Hove,BN3 6EA
Mendy,Wassmann,3833 Sidney Rd,Cherryfield Ward,Merseyside,L32 3XS
Ty,Feeback,14 Landseer Rd,Nith Ward,Dumfries and Galloway,DG1 9SY
King,Vanacore,30 Seville St,Meads Ward,East Sussex,BN20 7QU
Isidra,Varnado,79 Chelmsford St,Holywell Community,Flintshire,CH8 7UP
Gilberto,Feagins,7643 Campbell St,Penge and Cator Ward,Greater London,BR3 1LT
Rex,Faehnle,371 Oakleigh,Warminster,Wiltshire,BA12 8NR
Adolph,Cunningham,9874 Oakfield Rd,Redhill Ward,Tyne and Wear,SR5 5PT
Rebbecca,Rufenacht,4190 Seacombe St,Tiffield,Northamptonshire,NN12 8AA
Ardella,Goldrup,3145 Rhyl St,Londesborough,E Riding of Yorkshire,YO43 3QE
Dallas,Miyashiro,4919 Lime Grove,Whitchurch Urban,Cheshire,SY13 4HB
Han,Dzledzic,1592 Price St,Ponteland,Northumberland,NE20 9TF
Emilio,Guitierrez,2 Weller St,Appleton Wiske,North Yorkshire,DL6 2AS
Lilli,Cureau,42 Hey Green Rd,Deepdale Ward,Lancashire,PR1 6TL
Maryanne,Siske,256 Vesuvius St #159,Stutton with Hazlewood,North Yorkshire,LS24 9UA
Eliz,Strimple,82 Denison St #2642,Holyrood Ward,Greater Manchester,M25 1JB
Laura,Gumaer,1779 Bird St,East Sheen Ward,Greater London,SW14 8JZ
Sherell,Pomarico,29 Greenleaf St,Llangristiolus Community,Isle of Anglesey,LL62 5HD
Veronique,Nuckolls,198 Ranelagh Place,Central Buchan Ward,Aberdeenshire,AB43 6RD
Louvenia,Kincannon,87 Eldon Place,Read,Lancashire,BB12 7RY
Eve,Hoffstot,1661 Arrow St,Kirk Hammerton,York,YO26 8DA
Kenda,Koza,7 Netley St,Custom House Ward,Greater London,E16 3DP
Elden,Mercik,7 St Edmonds Rd,Nonington,Kent,CT15 4HH
Deangelo,Rardon,9970 Clyde Rd,Woodham Ward,Surrey,KT15 3NW
Olen,Ailey,9 Fielding St,Wombourne,Staffordshire,WV5 0BB
Lanie,Smarsh,555 Ludlow St,Trowbridge,Wiltshire,BA14 9JB
Lynna,Breheny,1 James St #4,St. Andrews Ward,Fife,KY16 9EE
Jody,Klitzing,3 Byng St #524,Pinhoe Ward,Devon,EX1 3SF
Antonio,Glasford,425 Howley St,Gaer Community,Newport,NP20 3DE
Merilyn,Scurci,4041 Virgil St,Headley,Surrey,KT18 6PZ
Elliott,Kins,32 High Park St #44,St. Margarets with St. Nichola,Norfolk,PE30 1QE
Leonie,Devereux,88 Vernon St,Dunbar and East Linton Ward,East Lothian,EH42 1SJ
Eulah,Syrop,62 Euston St,Bunhill Ward,Greater London,EC1Y 8RT
Marsha,Tarry,74 Medlock St,Chorlton Park Ward,Greater Manchester,M20 1JG
Mignon,Luger,80 Talbot St,Edgeley and Cheadle Heath Ward,Cheshire,SK3 9RD
Tu,Rivet,31 Buckingham Ave #3785,Cotham Ward,Bristol,BS6 5SR
Adelle,Schantini,162 Grayson St,Greenlands Ward,Lancashire,FY2 0TD
Douglass,Fonnesbeck,5 Webb St #8,Boothen and Oak Hill Ward,Stoke-on-Trent,ST4 1EB
Evette,Mazierski,8092 Firdale Rd,Stoneygate Ward,Leicester,LE5 5RE
Clarinda,Pelayo,714 Moored St,Trelawnyd and Gwaenysgor Commu,Denbighshire,LL18 6DH
Reuben,Mccorrison,545 North John St,Cobham and Downside Ward,Surrey,KT11 2HT
Yen,Groody,21 Pilgrim St,Leighton-Linslade,Bedfordshire,LU7 2NZ
Tanja,Milne,9772 Teilo St,Hetton,Tyne and Wear,DH5 0PH
Almeta,Keehner,3 Ivyleigh,Loundsley Green Ward,Derbyshire,S40 4LW
Wilda,Brigham,501 Sandon Terrace #200,Little Clacton,Essex,CO16 9LZ
Remedios,Arlinghaus,9 Duckenfield St,Aldbrough,E Riding of Yorkshire,HU11 4QA
Denny,Casalenda,75 Brewster St #453,Redlands Ward,Berkshire,RG1 5EX
Carolynn,Atkison,7901 Beech St,St. Helier Ward,Greater London,SM4 5PY
Amina,Goulbourne,684 Cotswold St,Victoria Ward,Greater London,E9 7NG
Emiko,Sayre,8 Village St,Windlesham,Surrey,GU18 5YQ
In,Muns,7 Haddock St #34,Saint Annes on the Sea,Lancashire,FY8 3TF
Kandis,Alsbury,70 Rose Vale,Reydon,Suffolk,IP18 6PE
Kina,Saltman,29 Oregon St,Ruddington,Nottinghamshire,NG11 6JT
Precious,Brabble,9 Herbert St #77,Shenley,Hertfordshire,WD7 9AQ
Tamesha,Tyburski,1054 Gladys St,Bellshill Ward,North Lanarkshire,ML4 3EJ
Brande,Cutlip,921 Douro St #1520,Rhoose Community,Vale of Glamorgan,CF62 3HN
Olene,Skubis,180 Frodsham St,Grovehill Ward,Hertfordshire,HP2 7BD
Carey,Marchetta,7217 Edge Grove,Sharston Ward,Greater Manchester,M22 4ZB
Launa,Torez,12 Gelling St,Trossachs and Teith Ward,Stirling,FK16 6DU
Dominga,Whitrock,763 Roscoe St,Lobley Hill and Bensham Ward,Tyne and Wear,NE11 0AN
Dwight,Belyea,419 St Andrew St,Tibberton,Hereford and Worcester,WR9 7NS
Cornell,Mccrossin,623 Cornhill,Stretton,Staffordshire,DE13 0DH
Alverta,Topete,328 Havelock St #61,Addlestone Bourneside Ward,Surrey,KT15 2NL
Carmen,Gillham,11 Denison St #7,Orford Ward,Cheshire,WA2 9QB
Ashlee,Beyl,30 Daulby St,Brympton,Somerset,BA20 2EJ
Vannessa,Land,201 Bran St,Ashford Common Ward,Surrey,TW15 2AJ
Patti,Rempel,1346 Vandyke St,Hove Park Ward,Brighton and Hove,BN3 6NS
German,Meyerhoff,883 Howe St,Clayton-le-Moors Ward,Lancashire,BB5 5TJ
Anika,Marse,231 Wordsworth St,Harrow Weald Ward,Greater London,HA3 6TH
Joaquin,Hysom,115 Lister Rd,Barnfield Ward,Lancashire,BB5 2EY
Kerrie,Makuch,7855 Sir Thomas St #7499,Calstock,Cornwall,PL17 8AR
Alaine,Raterman,1 Milton St,Little Missenden,Buckinghamshire,HP16 0DH
Corinne,Holman,1831 Richards St #8,Berkhamsted,Hertfordshire,HP4 2AF
Heidy,Hallford,8054 Low Hill,Prestbury,Gloucestershire,GL52 3BY
Marylyn,Shonerd,7252 Dansie St,East Finchley Ward,Greater London,N2 9JL
Maryln,Mortenson,76 Paulton St,Lancaster Gate Ward,Greater London,W2 3JT
Pearlie,Flori,4 Cochrane St,Iwade,Kent,ME9 8UJ
Nina,Yaklin,5679 Gloucester Pl,Calton Ward,Dunbartonshire,G40 4BH
Jacob,Kippel,4 Monmouth Rd,Llwyn-y-Pia Community,Rhondda Cynon Taff,CF40 2JJ
Berry,Scandalis,4 Vivian St,Corporation Park Ward,Lancashire,BB2 6LB
Kaycee,Carsten,35 Dublin St,Cirencester,Gloucestershire,GL7 2EY
Melvin,Setter,87 Pickup St,Franche Ward,Hereford and Worcester,DY10 2ZQ
Brianne,Matsumura,7 Cottenham St,Mossend and Holytown Ward,North Lanarkshire,ML1 4TD
Eugene,Pelzer,622 Holmes St,Heath Town Ward,Staffordshire,WV10 0AW
Margery,Rohrs,40 Peters Lane,Long Preston,North Yorkshire,BD23 4NF
Noel,Sarra,2 Cockburn St,Seaham,County Durham,SR7 0AR
Beula,Lingo,65 Oban Rd,St. Austell,Cornwall,PL25 5AH
Sheridan,Mckenize,31 Davy St,Aveton Gifford,Devon,TQ7 4NF
Rebbeca,Rubinstein,4 Sherwood St,Speke-Garston Ward,Merseyside,L24 6SH
Billy,Selma,338 Alfonso Rd,Alphington Ward,Devon,EX2 8LL
Doug,Lucore,65 Rankin St,Woodford cum Membris,Northamptonshire,NN11 3QR
Mohammad,Poitra,363 Vandries St,Milton Ward,Essex,SS0 7TF
Jeff,Brossoit,954 Madelaine St,Central Ward,Wiltshire,SN5 8WG
Shantay,Hopman,7602 Brook St #86,Broomhill Ward,Nottinghamshire,NG18 9SZ
Chantay,Jirsa,966 Bower St,Frimley Green Ward,Surrey,GU16 9BB
Keneth,Stpierrie,2 Seacombe St,Littleborough Lakeside Ward,Greater Manchester,OL15 0JP
Patrick,Teisberg,2 Whitefield Rd,Leigh-on-Sea,Essex,SS9 2DJ
Theron,Merriam,869 Luke St,Wonersh,Surrey,GU5 0QU
Lashunda,Argiro,205 Forge St #4021,Stainburn,North Yorkshire,LS21 2LS
Verda,Chiphe,999 Upper Harrington St #61,Earlestown Ward,Merseyside,WA12 9WX
Ashley,Tropp,3 Greenleaf St #5644,Blyth,Northumberland,NE24 2RY
Emogene,Ritthaler,1257 Stone St,Northwood Ward,Greater London,HA6 1AN
Shayne,Mordhorst,1 Bousfield St,Shrewsbury,Shropshire,SY3 8NG
Elmira,Ringlein,143 Clark St #802,Halliwell Ward,Greater Manchester,BL1 2PS
Destiny,Madlem,421 Monument Place #44,Hartburn Ward,Stockton-on-Tees,TS21 1BA
Ronna,Mittler,2767 Pembroke St #979,Roundway,Wiltshire,SN10 3FQ
Casie,Arzilli,5 Noon St,Melton Dorian Ward,Leicestershire,LE13 0RG
Magdalene,Cocherell,510 Belvidere Rd,Patching Hall Ward,Essex,CM1 4BY
Erasmo,Gath,860 Rokeby St,Sunningdale,Berkshire,SL5 0AZ
Rosalia,Ziv,9362 Solomon St #97,Castle Ward,Northamptonshire,NN8 4DR
Lyda,Cronholm,916 Strand St #4753,Leek,Staffordshire,ST13 5AW
Lisandra,Stueber,5 Bentinck St,Churchill Ward,Greater London,SW1V 3EW
Sabina,Prok,954 Birchdale Rd,Aspley Ward,Nottinghamshire,NG8 5PY
Elenore,Gomoran,7 Great Orford St,Callington,Cornwall,PL17 7DT
Brynn,Capra,488 Mulberry St,Ravenshead,Nottinghamshire,NG15 9AE
Leeann,Flory,1761 Johnstone St,Church Langley Ward,Essex,CM17 9TZ
Jestine,Driscol,2725 Underley St #6452,Grangemouth Ward,Falkirk,FK3 8UB
Tatum,Parks,6061 Back Nile St,Rhos-on-Sea Community,Conwy,LL28 4NL
Kayleigh,Bendle,9735 Linton St #2284,Kingswells,Aberdeenshire,AB16 7RW
Lili,Imondi,9 Herbert St,Blyth,Northumberland,NE24 3DQ
Sunshine,Senechal,40 Cairo St,Warwick,Warwickshire,CV34 5LQ
Dong,Oropeza,8657 Cedar St #2,Kinross-shire Ward,Perth and Kinross,KY13 8EQ
Larue,Ocacio,8 Jacob St,Daybrook Ward,Nottinghamshire,NG5 6JB
Goldie,Sonkens,6174 Botanic Pl,Ravensthorpe Ward,Cambridgeshire,PE3 7BJ
Shelia,Plues,9730 Dunnet St,Silloth-on-Solway,Cumbria,CA7 4RB
Narcisa,Araiza,8783 High St,Milton,Cambridgeshire,CB24 6ZR
Evelynn,Frede,8 Breckfield Road North,Seaham,County Durham,SR7 0AZ
Tamra,Yu,2 Park Rd Walton #4338,Lansdown Ward,Gloucestershire,GL50 2LF
Dusti,Maricle,59 Charles St,Victoria Ward,Kent,TN23 4GF
Aracelis,Donham,593 Kinglake St,Fowlmere,Cambridgeshire,SG8 7TP
Filiberto,Fredrikson,404 Aigburth St #4246,Audley Ward,Lancashire,BB1 2AA
Leana,Stackpole,690 Copenhagen Rd,Warham,Norfolk,NR23 1NJ
Man,Homer,7 Canton St,Mildmay Ward,Greater London,N1 4RF
Chana,Perera,9 Ogwen St,Murdostoun Ward,North Lanarkshire,ML2 8LW
Nell,Pao,1730 Seymour St,Eastbrook Ward,Brighton and Hove,BN41 1QH
Antonio,Heilig,35 Elton St #3,Ipplepen,Devon,TQ12 5LL
Gerald,Kernagis,8 Hinton St #8241,Stowting,Kent,TN25 6BQ
Sueann,Mandril,751 Stamford St,Werrington,Staffordshire,ST9 0AH
Pansy,Kopan,1 Northampton St,Madeley,Shropshire,TF7 4GA
Royce,Saik,2 Maple Grove,Kincorth,Aberdeenshire,AB12 5EJ
Dudley,Dibartolo,91 Ludlow St,Woodhouse Ward,Greater London,N12 0EF
Shanda,Lunger,2476 Marsh St,Markhouse Ward,Greater London,E17 8NP
Emilio,Withers,597 Threlfall St #72,Stokenham,Devon,TQ7 2HS
Lovetta,Study,1 Jervis St,High Barnet Ward,Greater London,EN5 4LH
Felice,Gone,7602 Grantham St,Hexham,Northumberland,NE46 1QQ
Stefania,Leadbeater,10 Carisbrooke St,Shorne,Kent,DA12 3ED
Ona,Bowhall,527 Harding St,Market Rasen,Lincolnshire,LN8 3AD
Vicky,Schellenberge,3922 Leda St,Moreton Morrell,Warwickshire,CV35 9BX
Carolann,Gross,6352 Grosvenor St,Wombourne,Staffordshire,WV5 0LP
Rusty,Adelsperger,4313 Princes Park Terrace,Launceston,Cornwall,PL15 9QN
Cassandra,Bludworth,9 Sydney Place,Henllan Community,Conwy,LL16 5AF
Teresita,Gesell,2015 Suburban Rd,Springfield Ward,Greater London,N16 6TD
Evangelina,Gius,769 Euston St,Glastonbury,Somerset,BA6 8EY
Quiana,Scarsella,1400 Ash St,Thorpe Hamlet Ward,Norfolk,NR1 4HS
Viki,Humeniuk,8822 Trafalgar St,Yalding,Kent,ME18 6JE
Domitila,Weissmann,28 Berwick St,Moordown Ward,Bournemouth,BH9 1TT
Ivan,Aronov,94 Regent St,Over Kellet,Lancashire,LA6 1DB
Anabel,Baldock,30 Marine Parade #1,Staina Ward,Lancashire,FY5 4FN
Carlton,Blyler,8 Pim Hill St,Portobello,City of Edinburgh,EH15 2HW
Rashida,Vera,8451 Bengel St,Brixham,Devon,TQ5 9JW
Sherron,Knodel,159 Carlton St,Windle Ward,Merseyside,WA10 6QG
Cora,Mossing,38 Raffles St,Newmarket,Cambridgeshire,CB8 8QE
Dortha,Yaccarino,6 Chestnut St,Gwersyllt Community,Wrexham,LL11 4RJ
Diego,Augle,4 Peover St,Walcot Ward,Bath Avon,BA1 6EF
Peggy,Khov,328 Pallas St,Longford Ward,Greater Manchester,M32 8LJ
Walton,Yuki,9 Waltham Rd,Yealmpton,Devon,PL8 2NS
Mel,Picciuto,8598 Rumney Rd,Hylands Ward,Essex,RM11 1QL
Erasmo,Rhea,5544 Sutherland St,Mortehoe,Devon,EX34 7DQ
Ivory,Lohrenz,9 Jackson St,Parr Ward,Merseyside,WA9 3QW
Nikita,Walka,3612 Bixteth St,Hucknall North Ward,Nottinghamshire,NG15 8DD
Owen,Jentzen,5 Hampden St,Liscard Ward,Merseyside,CH45 4RN
Pauline,Fling,6452 Pilgrim St #5,Seven Sisters Ward,Greater London,N15 6TH
Ahmad,Alsaqri,21 Pickwick St,Sutton cum Duckmanton,Derbyshire,S44 5DS
Jamika,Conoly,19 Soho St,Whitley Ward,Berkshire,RG1 9XH
Derrick,Dolloff,236 Blantyre Rd,Everton Ward,Merseyside,L6 2EN
Jacquelyne,Reibman,70 Lilly Rd,Shirley Ward,Greater London,CR0 7PT
Zachary,Freeburger,58 Gloucester Rd,Holbrook,Derbyshire,DE56 0TX
Isabelle,Kono,4920 Fazakerley Rd,Plymstock Dunstone Ward,Devon,PL9 8RD
Ronnie,Brigman,6 Morley St,Batchwood Ward,Hertfordshire,AL3 5JN
Rosita,Ausdemore,8 Heathfield St #657,Hailsham,East Sussex,BN27 1AJ
Huey,Stancil,275 Peel Sq,Park Ward,North Eart Lincolnshire,DN32 0PT
Alesia,Katie,4 Covent Garden,Farnworth Ward,Greater Manchester,BL4 7AF
Reid,Euresti,70 Foster St,Inverness Ness-Side Ward,Highland,IV2 6WT
Mi,Richan,6 Norwood Grove,Tanworth-in-Arden,Warwickshire,B94 5RZ
